District,Location,Parameter,Parameter_Category,Safe_Limit,Observed_Value,Status,Severity_Score,Impact
Nashik,Gangapur Dam,pH,Chemical,6.5-8.5,7.4,Safe,1,Localized Ecological Stress
Nashik,Gangapur Dam,DO,Oxygen,5,6.8,Safe,1,Localized Ecological Stress
Nashik,Gangapur Dam,BOD,Organic Load,3,1.5,Safe,1,Organic Pollution
Nashik,Gangapur Dam,Coliform,Microbial,500,120,Safe,1,Microbial Contamination
Nashik,Gangapur Dam,Turbidity,Physical,50,18,Moderate,2,Sedimentation & Turbidity
Nashik,Someshwar,pH,Chemical,6.5-8.5,7.6,Safe,1,Localized Ecological Stress
Nashik,Someshwar,DO,Oxygen,5,5.8,Safe,1,Localized Ecological Stress
Nashik,Someshwar,BOD,Organic Load,3,2.8,Safe,1,Organic Pollution
Nashik,Someshwar,Coliform,Microbial,500,450,Moderate,2,Microbial Contamination
Nashik,Someshwar,Turbidity,Physical,50,35,Moderate,2,Sedimentation & Turbidity
Nashik,Anandwalli,pH,Chemical,6.5-8.5,8,Safe,1,Localized Ecological Stress
Nashik,Anandwalli,DO,Oxygen,5,3.8,Unsafe,3,Low Oxygen
Nashik,Anandwalli,BOD,Organic Load,3,8,Unsafe,3,Organic Pollution
Nashik,Anandwalli,Coliform,Microbial,500,5400,Unsafe,3,Microbial Contamination
Nashik,Anandwalli,Turbidity,Physical,50,95,Unsafe,3,Sedimentation & Turbidity
Nashik,Tapovan STP,pH,Chemical,6.5-8.5,8.1,Safe,1,Localized Ecological Stress
Nashik,Tapovan STP,DO,Oxygen,5,3.2,Unsafe,3,Low Oxygen
Nashik,Tapovan STP,BOD,Organic Load,3,12,Unsafe,3,Organic Pollution
Nashik,Tapovan STP,Coliform,Microbial,500,5000,Unsafe,3,Microbial Contamination
Nashik,Tapovan STP,Turbidity,Physical,50,110,Unsafe,3,Sedimentation & Turbidity
Nashik,Agartakli,pH,Chemical,6.5-8.5,8.2,Safe,1,Localized Ecological Stress
Nashik,Agartakli,DO,Oxygen,5,2,Unsafe,3,Low Oxygen
Nashik,Agartakli,BOD,Organic Load,3,14,Unsafe,3,Organic Pollution
Nashik,Agartakli,Coliform,Microbial,500,4800,Unsafe,3,Microbial Contamination
Nashik,Agartakli,Turbidity,Physical,50,140,Unsafe,3,Water Quality Degradation
Ahmednagar,Kopargaon,pH,Chemical,6.5-8.5,7.6,Safe,1,Localized Ecological Stress
Ahmednagar,Kopargaon,DO,Oxygen,5,5.6,Safe,1,Localized Ecological Stress
Ahmednagar,Kopargaon,BOD,Organic Load,3,3.4,Moderate,2,Organic Pollution
Ahmednagar,Kopargaon,Coliform,Microbial,500,900,Moderate,2,Microbial Contamination
Ahmednagar,Kopargaon,Turbidity,Physical,50,32,Moderate,2,Sedimentation & Turbidity
Chhatrapati Sambhajinagar,Paithan,pH,Chemical,6.5-8.5,7.7,Safe,1,Localized Ecological Stress
Chhatrapati Sambhajinagar,Paithan,DO,Oxygen,5,14.3,Safe,1,Localized Ecological Stress
Chhatrapati Sambhajinagar,Paithan,BOD,Organic Load,3,11.08,Unsafe,3,Organic Pollution
Chhatrapati Sambhajinagar,Paithan,Coliform,Microbial,500,1500,Unsafe,3,Microbial Contamination
Chhatrapati Sambhajinagar,Paithan,Turbidity,Physical,50,3.4,Safe,1,Localized Ecological Stress
Chhatrapati Sambhajinagar,Nathsagar,pH,Chemical,6.5-8.5,7.8,Safe,1,Localized Ecological Stress
Chhatrapati Sambhajinagar,Nathsagar,DO,Oxygen,5,4.9,Moderate,2,Low Oxygen
Chhatrapati Sambhajinagar,Nathsagar,BOD,Organic Load,3,7,Unsafe,3,Organic Pollution
Chhatrapati Sambhajinagar,Nathsagar,Coliform,Microbial,500,2200,Unsafe,3,Microbial Contamination
Chhatrapati Sambhajinagar,Nathsagar,Turbidity,Physical,50,22,Moderate,2,Sedimentation & Turbidity
Jalna,Jayakwadi Fringe,pH,Chemical,6.5-8.5,7.7,Safe,1,Localized Ecological Stress
Jalna,Jayakwadi Fringe,DO,Oxygen,5,4.7,Moderate,2,Low Oxygen
Jalna,Jayakwadi Fringe,BOD,Organic Load,3,5,Unsafe,3,Organic Pollution
Jalna,Jayakwadi Fringe,Coliform,Microbial,500,2500,Unsafe,3,Microbial Contamination
Jalna,Jayakwadi Fringe,Turbidity,Physical,50,30,Moderate,2,Sedimentation & Turbidity
Beed,Sindphana Confluence,pH,Chemical,6.5-8.5,7.6,Safe,1,Localized Ecological Stress
Beed,Sindphana Confluence,DO,Oxygen,5,4.5,Moderate,2,Low Oxygen
Beed,Sindphana Confluence,BOD,Organic Load,3,5.3,Unsafe,3,Organic Pollution
Beed,Sindphana Confluence,Coliform,Microbial,500,3000,Unsafe,3,Microbial Contamination
Beed,Sindphana Confluence,Turbidity,Physical,50,35,Moderate,2,Sedimentation & Turbidity
Parbhani,Gangakhed,pH,Chemical,6.5-8.5,7.8,Safe,1,Localized Ecological Stress
Parbhani,Gangakhed,DO,Oxygen,5,4.2,Unsafe,3,Low Oxygen
Parbhani,Gangakhed,BOD,Organic Load,3,5.2,Unsafe,3,Organic Pollution
Parbhani,Gangakhed,Coliform,Microbial,500,5000,Unsafe,3,Microbial Contamination
Parbhani,Gangakhed,Turbidity,Physical,50,38,Moderate,2,Sedimentation & Turbidity
Nanded,Kaleshwar,pH,Chemical,6.5-8.5,7.3,Safe,1,Localized Ecological Stress
Nanded,Kaleshwar,DO,Oxygen,5,5.6,Safe,1,Localized Ecological Stress
Nanded,Kaleshwar,BOD,Organic Load,3,2.5,Safe,1,Organic Pollution
Nanded,Kaleshwar,Coliform,Microbial,500,400,Safe,1,Microbial Contamination
Nanded,Kaleshwar,Turbidity,Physical,50,40,Moderate,2,Sedimentation & Turbidity
Nanded,Govardhan Ghat,pH,Chemical,6.5-8.5,7.8,Safe,1,Localized Ecological Stress
Nanded,Govardhan Ghat,DO,Oxygen,5,4.2,Unsafe,3,Low Oxygen
Nanded,Govardhan Ghat,BOD,Organic Load,3,5.5,Unsafe,3,Organic Pollution
Nanded,Govardhan Ghat,Coliform,Microbial,500,1200,Unsafe,3,Microbial Contamination
Nanded,Govardhan Ghat,Turbidity,Physical,50,75,Unsafe,3,Water Quality Degradation
Nanded,Shani Ghat,pH,Chemical,6.5-8.5,8.1,Safe,1,Localized Ecological Stress
Nanded,Shani Ghat,DO,Oxygen,5,3.6,Unsafe,3,Low Oxygen
Nanded,Shani Ghat,BOD,Organic Load,3,7.8,Unsafe,3,Organic Pollution
Nanded,Shani Ghat,Coliform,Microbial,500,2500,Unsafe,3,Microbial Contamination
Nanded,Shani Ghat,Turbidity,Physical,50,120,Unsafe,3,Water Quality Degradation
Nanded,Navghat,pH,Chemical,6.5-8.5,8.2,Safe,1,Localized Ecological Stress
Nanded,Navghat,DO,Oxygen,5,3.1,Unsafe,3,Low Oxygen
Nanded,Navghat,BOD,Organic Load,3,9.5,Unsafe,3,Organic Pollution
Nanded,Navghat,Coliform,Microbial,500,3200,Unsafe,3,Microbial Contamination
Nanded,Navghat,Turbidity,Physical,50,150,Unsafe,3,Water Quality Degradation
Nanded,Hattibanda Ghat,pH,Chemical,6.5-8.5,8,Safe,1,Localized Ecological Stress
Nanded,Hattibanda Ghat,DO,Oxygen,5,2.8,Unsafe,3,Low Oxygen
Nanded,Hattibanda Ghat,BOD,Organic Load,3,10.5,Unsafe,3,Organic Pollution
Nanded,Hattibanda Ghat,Coliform,Microbial,500,4000,Unsafe,3,Microbial Contamination
Nanded,Hattibanda Ghat,Turbidity,Physical,50,170,Unsafe,3,Water Quality Degradation
Nanded,Vajegaon,pH,Chemical,6.5-8.5,7.5,Safe,1,Localized Ecological Stress
Nanded,Vajegaon,DO,Oxygen,5,4.8,Moderate,2,Low Oxygen
Nanded,Vajegaon,BOD,Organic Load,3,4,Unsafe,3,Organic Pollution
Nanded,Vajegaon,Coliform,Microbial,500,2500,Unsafe,3,Microbial Contamination
Nanded,Vajegaon,Turbidity,Physical,50,65,Unsafe,3,Sedimentation & Turbidity
