Stakeholder,Intervention,Challenge,Expected_Impact
Nashik Municipal Corporation,Complete and upgrade STPs at Nashik,Funding gaps and O&M issues,Lower untreated sewage discharge into the river
Nashik Municipal Corporation,Intercept and divert nallas before they meet the Godavari,Multiple drains carrying wastewater,Reduced direct sewage inflow
MPCB + Industries at Satpur and Ambad,Strengthen industrial effluent treatment and compliance checks,No common CETP and dispersed units,Lower chemical and toxic pollution
NMC + Temple trusts + local volunteers,Expand Nirmalya and ritual-waste collection at ghats,High pilgrim footfall and waste disposal habits,Reduced organic and solid waste load
NMC,Remove water hyacinth and clean riverbanks regularly,Recurring weed growth and bank litter,Improved flow and visible water quality
Water Resources Department,Maintain better environmental flow during lean months,Water demand for irrigation and other uses,Less concentration of pollutants and better river health
Nanded Municipal Corporation,Intercept and treat city sewage before discharge at major ghats,Large sewage and garbage inflow at urban ghats,Lower microbial and organic pollution
Nanded Municipal Corporation + health/local bodies,Improve municipal waste handling near riverfronts,Open dumping and mixed waste,Reduced solid waste on banks
Agriculture Department + local farmers,Adopt buffer strips and runoff control near riverbanks,Runoff from fields and scattered adoption,Lower nutrient and silt load
District administration + mining enforcement teams,Strict action against illegal sand mining,Continued sand extraction in some stretches,Lower turbidity, sedimentation, and bank erosion